SQL> start part1.sql

FULLNAME                                     SALARY                             
---------------------------------------- ----------                             
 Michael M.Hash                              179700                             
 Timothy P.Love                              179700                             


FULLNAME                                     SALARY                             
---------------------------------------- ----------                             
 Timothy P.Love                              179700                             
 Michael M.Hash                              179700                             


LAST                     SALARY                                                 
-------------------- ----------                                                 
Simas                    100000                                                 
Teehee                   100000                                                 
Bhowmik                  100000                                                 
DuBois                   100000                                                 
Frankel                  100000                                                 
Hurwitz                  100000                                                 
Jarvis-Shean             100000                                                 
Jones                    100000                                                 
Vega                     100000                                                 
Zichal                   100000                                                 

10 rows selected.

SELECT last, salary FROM Staff_2010 WHERE salary = (SELECT salary FROM Staff_2010 WHERE lower(last) like '%young')
                                                    *
ERROR at line 1:
ORA-01427: single-row subquery returns more than one row 



LAST                     SALARY                                                 
-------------------- ----------                                                 
Limon                     42000                                                 
Mattson                   60232                                                 
Metcalf                   42000                                                 
Millison                  60232                                                 
Mrazek                    42000                                                 
Northern                  42000                                                 
Ocampo                    42000                                                 
Oxtoby                    42000                                                 
Page                      42000                                                 
Pope                      42000                                                 
Portilla                  42000                                                 

LAST                     SALARY                                                 
-------------------- ----------                                                 
Posey                     42000                                                 
Pulliam                   42000                                                 
Robertson                 42000                                                 
Samuels                   60232                                                 
Schaub                    42000                                                 
Schmuck                   42000                                                 
Sinha                     42000                                                 
Sirbu                     42000                                                 
Smith                     42000                                                 
Smith                     42000                                                 
Stickel                   42000                                                 

LAST                     SALARY                                                 
-------------------- ----------                                                 
Swanson                   42000                                                 
Alley                     42000                                                 
Asen                      42000                                                 
Attili                    58511                                                 
Ayling                    42000                                                 
Baggetto                  42000                                                 
Bates                     42000                                                 
Bisi                      42000                                                 
Block                     42000                                                 
Campbell                  42000                                                 
Campos                    42000                                                 

LAST                     SALARY                                                 
-------------------- ----------                                                 
Canery                    58511                                                 
Carden                    42000                                                 
Castillo                  42000                                                 
Chhabra                   42000                                                 
Claude                    58511                                                 
Cobbina                   42000                                                 
Conrad                    42000                                                 
Cuba                      42000                                                 
Cunningham                42000                                                 
Donovan                   42000                                                 
Dorsett                   42000                                                 

LAST                     SALARY                                                 
-------------------- ----------                                                 
Faulman                   42000                                                 
Fenn                      42000                                                 
Fergenson                 42000                                                 
Ford                      42000                                                 
Frank                     42000                                                 
Godfrey                   42000                                                 
Gottlieb                  42000                                                 
Grant                     42000                                                 
Hanson                    42000                                                 
Harris                    42000                                                 
Hegde                     42000                                                 

LAST                     SALARY                                                 
-------------------- ----------                                                 
Hernandez                 42000                                                 
Hiatt                     42000                                                 
Hughes                    42000                                                 
Jackson                   42000                                                 
Jones                     42000                                                 
Kennedy                   42000                                                 
King                      60232                                                 
Ledbetter                 42000                                                 
Lee                       42000                                                 
Lewin                     42000                                                 
Lewis                     42000                                                 

LAST                     SALARY                                                 
-------------------- ----------                                                 
Tennison                  42000                                                 
Thomas                    42000                                                 
Tranchin                  42000                                                 
Young                     60232                                                 
Young                     42000                                                 
Young                     58511                                                 

72 rows selected.


  COUNT(*)                                                                      
----------                                                                      
       140                                                                      


    SALARY   COUNT(*)                                                           
---------- ----------                                                           
    102000          9                                                           
    158500          9                                                           
    155500          5                                                           
    112774          1                                                           
    145000          1                                                           
    113000          5                                                           
    136134          1                                                           
    165000          1                                                           
    130000          6                                                           
    153500          2                                                           
    162500          1                                                           

    SALARY   COUNT(*)                                                           
---------- ----------                                                           
    139500          1                                                           
    129758          1                                                           
    149000          2                                                           
    130500         27                                                           
    114000          3                                                           
    100904          2                                                           
    147500          4                                                           
    172200         23                                                           
    115731          1                                                           
    123758          1                                                           
    162900          1                                                           

    SALARY   COUNT(*)                                                           
---------- ----------                                                           
    172000          1                                                           
    106839          1                                                           
    110500          1                                                           
    122744          1                                                           
    140259          1                                                           
    132009          1                                                           
    115000          1                                                           
    113605          1                                                           
    148510          2                                                           
    153300          1                                                           
    126251          1                                                           

    SALARY   COUNT(*)                                                           
---------- ----------                                                           
    179700          2                                                           
    120000          8                                                           
    102829          1                                                           
    110000          2                                                           
    150000          3                                                           
    144868          1                                                           
    107770          1                                                           
    140000          2                                                           
    105211          1                                                           

42 rows selected.


    SALARY SALARIES_100K_ABOVE                                                  
---------- -------------------                                                  
    130500                  27                                                  
    172200                  23                                                  


LAST                                                                            
--------------------                                                            
Reed                                                                            
Reeves                                                                          
Sheehy                                                                          
Smoot                                                                           
Sweeney                                                                         
Teehee                                                                          
Bookey-Baker                                                                    
Brooke                                                                          
Deese                                                                           
Freeman                                                                         
Goodman                                                                         

LAST                                                                            
--------------------                                                            
Goodman                                                                         
Green                                                                           
Green                                                                           
Greenawalt                                                                      
Greene                                                                          
Keenan                                                                          
Koo                                                                             
Lee                                                                             
Lee                                                                             
Voorman                                                                         

21 rows selected.

SQL> start part2.sql

no rows selected


no rows selected


no rows selected


no rows selected

SELECT deptid, max(count(*)) FROM L_EMP GROUP BY deptid
       *
ERROR at line 1:
ORA-00937: not a single-group group function 



no rows selected


no rows selected


no rows selected


no rows selected


no rows selected

SQL> start init.sql

Table dropped.


Table dropped.


Table created.


Table created.


1 row created.


1 row created.


1 row created.


1 row created.


1 row created.


1 row created.


1 row created.


1 row created.


1 row created.


1 row created.


1 row created.

SQL> start part2.sql

DEPTN   EMPCOUNT                                                                
----- ----------                                                                
d3             2                                                                
d1             4                                                                
d2             1                                                                


DEPTNAME     COUNT(*)                                                           
---------- ----------                                                           
Research            4                                                           
Devt                1                                                           
Testing             2                                                           


DEPTN DEPTNAME     EMPCOUNT                                                     
----- ---------- ----------                                                     
d3    Testing             2                                                     
d1    Research            4                                                     
d2    Devt                1                                                     


DEPTN DEPTNAME     EMPCOUNT                                                     
----- ---------- ----------                                                     
d2    Devt                1                                                     
d3    Testing             2                                                     
d1    Research            4                                                     

SELECT deptid, max(count(*)) FROM L_EMP GROUP BY deptid
       *
ERROR at line 1:
ORA-00937: not a single-group group function 


Select deptid from L_EMP Group by deptid Having count(*) = (Select count(*) from L_EMP Group by deptid)
                                                            *
ERROR at line 1:
ORA-01427: single-row subquery returns more than one row 



DEPTI                                                                           
-----                                                                           
d3                                                                              
d1                                                                              
d2                                                                              


DEPTNAME                                                                        
----------                                                                      
Research                                                                        


DEPTI      EMPNO EMPNAME    DEPTNAME                                            
----- ---------- ---------- ----------                                          
d1             1 smith      Research                                            
d2             2 jones      Devt                                                
d1             3 wayne      Research                                            
d3             4 moor       Testing                                             
d1             5 king       Research                                            
d1             6 chen       Research                                            
d3             7 winger     Testing                                             

7 rows selected.


     EMPNO EMPNAME    DEPTI DEPTI DEPTNAME                                      
---------- ---------- ----- ----- ----------                                    
         1 smith      d1    d1    Research                                      
         2 jones      d2    d2    Devt                                          
         3 wayne      d1    d1    Research                                      
         4 moor       d3    d3    Testing                                       
         5 king       d1    d1    Research                                      
         6 chen       d1    d1    Research                                      
         7 winger     d3    d3    Testing                                       

7 rows selected.

SQL> spool off
